-- phpMyAdmin SQL Dump
-- version 4.6.4
-- https://www.phpmyadmin.net/
--
-- Host: 127.0.0.1
-- Generation Time: Apr 19, 2017 at 06:47 AM
-- Server version: 5.7.14
-- PHP Version: 5.6.25

SET SQL_MODE = "NO_AUTO_VALUE_ON_ZERO";
SET time_zone = "+00:00";


/*!40101 SET @OLD_CHARACTER_SET_CLIENT=@@CHARACTER_SET_CLIENT */;
/*!40101 SET @OLD_CHARACTER_SET_RESULTS=@@CHARACTER_SET_RESULTS */;
/*!40101 SET @OLD_COLLATION_CONNECTION=@@COLLATION_CONNECTION */;
/*!40101 SET NAMES utf8mb4 */;

--
-- Database: `realestate`
--

-- --------------------------------------------------------

--
-- Table structure for table `agent`
--

CREATE TABLE IF NOT EXISTS `users` (
 `id` int(11) NOT NULL AUTO_INCREMENT,
 `username` varchar(50) NOT NULL,
 `email` varchar(50) NOT NULL,
 `password` varchar(50) NOT NULL,
 `create_datetime` datetime NOT NULL,
 PRIMARY KEY (`id`)
);


CREATE TABLE `agent` (
  `agent_id` int(10) NOT NULL,
  `agent_name` varchar(150) NOT NULL,
  `agent_address` varchar(250) NOT NULL,
  `agent_contact` varchar(20) NOT NULL,
  `agent_email` varchar(25) NOT NULL
) ENGINE=MyISAM DEFAULT CHARSET=latin1;

--
-- Dumping data for table `agent`
--

INSERT INTO `agent` (`agent_id`, `agent_name`, `agent_address`, `agent_contact`, `agent_email`) VALUES
(1, 'Samuel A Waldey', '95, Henry Street, Indented Head, Victoria', '03 5321 1053', 'samuel@gmail.com'),
(2, 'Mrs Eden Battarbee', '25 Main Streat, Beaumonts', '08 8762 5308', 'eden@gmail.com'),
(3, 'Tyson A Salvado', '15 Ghost Hill Road, ST Marys South', '02 4728 5284', 'tyson@gmail.com');

-- --------------------------------------------------------

--
-- Table structure for table `properties`
--

CREATE TABLE `properties` (
  `property_id` int(10) NOT NULL,
  `property_title` varchar(150) DEFAULT NULL,
  `property_details` text,
  `delivery_type` varchar(20) DEFAULT NULL,
  `availablility` int(5) DEFAULT NULL,
  `price` float DEFAULT NULL,
  `property_address` varchar(200) DEFAULT NULL,
  `property_img` varchar(200) DEFAULT NULL,
  `bed_room` int(5) DEFAULT NULL,
  `liv_room` int(5) DEFAULT NULL,
  `parking` int(5) DEFAULT NULL,
  `kitchen` int(5) DEFAULT NULL,
  `utility` varchar(100) DEFAULT NULL,
  `property_type` varchar(20) DEFAULT NULL,
  `floor_space` varchar(20) DEFAULT NULL,
  `agent_id` int(10) DEFAULT NULL
) ENGINE=MyISAM DEFAULT CHARSET=latin1;

--
-- Dumping data for table `properties`
--

INSERT INTO `properties` (`property_id`, `property_title`, `property_details`, `delivery_type`, `availablility`, `price`, `property_address`, `property_img`, `bed_room`, `liv_room`, `parking`, `kitchen`, `utility`, `property_type`, `floor_space`, `agent_id`) VALUES
(1, 'Apartment', 'Efficiently unleash cross-media information without cross-media value. Quickly maximize timely deliverables for real-time schemas. Dramatically maintain clicks-and-mortar solutions without functional solutions. <br> <br>\r\n\r\nCompletely synergize resource sucking relationships via premier niche markets. Professionally cultivate one-to-one customer service with robust ideas. Dynamically innovate resource-leveling customer service for state of the art customer service', 'Sale', 0, 150000, '11 Ghost Hill Road', 'images/properties/bed-1-1.jpg', 3, 2, 1, 1, 'Electricity, Gas, Water', 'Apartment', '1600 X 1400', 3),
(2, 'Apartment For Rent', 'Efficiently unleash cross-media information without cross-media value. Quickly maximize timely deliverables for real-time schemas. Dramatically maintain clicks-and-mortar solutions without functional solutions. <br> <br>\r\n\r\nCompletely synergize resource sucking relationships via premier niche markets. Professionally cultivate one-to-one customer service with robust ideas. Dynamically innovate resource-leveling customer service for state of the art customer service', 'Rent', 0, 7000, '28 Ghost Hill Road', 'images/properties/bed-2-1.jpg', 3, 2, 1, 1, 'Electricity, Gas, Water', 'Apartment', '1650 X 1350', 3),
(3, 'Apartment For Sale', 'Efficiently unleash cross-media information without cross-media value. Quickly maximize timely deliverables for real-time schemas. Dramatically maintain clicks-and-mortar solutions without functional solutions. <br> <br>\r\n\r\nCompletely synergize resource sucking relationships via premier niche markets. Professionally cultivate one-to-one customer service with robust ideas. Dynamically innovate resource-leveling customer service for state of the art customer service', 'Sale', 1, 80000, '77 Ghost Hill Road', 'images/properties/bed-3-1.jpg', 3, 2, 1, 1, 'Electricity, Gas, Water', 'Apartment', '1500 X 1300', 3),
(4, 'Office-Space for Sale', 'Efficiently unleash cross-media information without cross-media value. Quickly maximize timely deliverables for real-time schemas. Dramatically maintain clicks-and-mortar solutions without functional solutions. <br> <br>\r\n\r\nCompletely synergize resource sucking relationships via premier niche markets. Professionally cultivate one-to-one customer service with robust ideas. Dynamically innovate resource-leveling customer service for state of the art customer service', 'Sale', 0, 100000, '15 Main Streat, Beaumonts', 'images/properties/liv-4-1.jpg', 2, 3, 1, 1, 'Electricity, Gas, Water, Internet', 'Office-Space', '1650 X 1350', 2),
(5, 'Office-Space for Rent', 'Efficiently unleash cross-media information without cross-media value. Quickly maximize timely deliverables for real-time schemas. Dramatically maintain clicks-and-mortar solutions without functional solutions. <br> <br>\r\n\r\nCompletely synergize resource sucking relationships via premier niche markets. Professionally cultivate one-to-one customer service with robust ideas. Dynamically innovate resource-leveling customer service for state of the art customer service', 'Rent', 0, 7500, '91 Main Streat, Beaumonts', 'images/properties/liv-5-1.jpg', 2, 2, 1, 1, 'Electricity, Gas, Water, Internet', 'Office-Space', '1650 X 1350', 2),
(6, 'Office-Space for Rent', 'Efficiently unleash cross-media information without cross-media value. Quickly maximize timely deliverables for real-time schemas. Dramatically maintain clicks-and-mortar solutions without functional solutions. <br> <br>\r\n\r\nCompletely synergize resource sucking relationships via premier niche markets. Professionally cultivate one-to-one customer service with robust ideas. Dynamically innovate resource-leveling customer service for state of the art customer service', 'Rent', 1, 6000, '93 Main Streat, Beaumonts', 'images/properties/liv-6-1.jpg', 2, 2, 1, 1, 'Electricity, Gas, Water, Internet', 'Office-Space', '1450 X 1250', 1),
(7, 'Building for Sale', 'Efficiently unleash cross-media information without cross-media value. Quickly maximize timely deliverables for real-time schemas. Dramatically maintain clicks-and-mortar solutions without functional solutions. <br> <br>\r\n\r\nCompletely synergize resource sucking relationships via premier niche markets. Professionally cultivate one-to-one customer service with robust ideas. Dynamically innovate resource-leveling customer service for state of the art customer service', 'Sale', 0, 1750000, '65, Henry Street, Indented Head, Victoria', 'images/properties/bed-7-1.jpg', 3, 2, 1, 1, 'Electricity, Gas, Water', 'Building', '1650 X 1350', 2);

-- --------------------------------------------------------

--
-- Table structure for table `property_image`
--


CREATE TABLE `property_image` (
  `property_images` varchar(200) DEFAULT NULL,
  `property_id` int(10) DEFAULT NULL
) ENGINE=MyISAM DEFAULT CHARSET=latin1;

--
-- Dumping data for table `property_image`
--

INSERT INTO `property_image` (`property_images`, `property_id`) VALUES
('images/properties/bed-1-1.jpg', 1),
('images/properties/bed-1-2.jpg', 1),
('images/properties/liv-1-1.jpg', 1),
('images/properties/liv-1-2.jpg', 1),
('images/properties/kitchen-1-1.jpg', 1),
('images/properties/bed-1-1.jpg', 2),
('images/properties/bed-1-2.jpg', 2),
('images/properties/liv-1-1.jpg', 2),
('images/properties/liv-1-2.jpg', 2),
('images/properties/kitchen-1-1.jpg', 2),
('images/properties/bed-2-1.jpg', 2),
('images/properties/bed-2-2.jpg', 2),
('images/properties/liv-2-1.jpg', 2),
('images/properties/liv-2-2.jpg', 2),
('images/properties/kitchen-2-1.jpg', 2),
('images/properties/bed-3-1.jpg', 3),
('images/properties/bed-3-2.jpg', 3),
('images/properties/liv-3-1.jpg', 3),
('images/properties/liv-3-2.jpg', 3),
('images/properties/kitchen-3-1.jpg', 3),
('images/properties/bed-4-1.jpg', 4),
('images/properties/bed-4-2.jpg', 4),
('images/properties/liv-4-1.jpg', 4),
('images/properties/liv-4-2.jpg', 4),
('images/properties/kitchen-4-1.jpg', 4),
('images/properties/bed-5-1.jpg', 5),
('images/properties/bed-5-2.jpg', 5),
('images/properties/liv-5-1.jpg', 5),
('images/properties/liv-5-2.jpg', 5),
('images/properties/kitchen-5-1.jpg', 5),
('images/properties/bed-6-1.jpg', 6),
('images/properties/bed-6-2.jpg', 6),
('images/properties/liv-6-1.jpg', 6),
('images/properties/liv-6-2.jpg', 6),
('images/properties/kitchen-6-1.jpg', 6),
('images/properties/bed-7-1.jpg', 7),
('images/properties/bed-7-2.jpg', 7),
('images/properties/liv-7-1.jpg', 7),
('images/properties/liv-7-2.jpg', 7),
('images/properties/kitchen-7-1.jpg', 7);

--

CREATE TABLE IF NOT EXISTS `admin_profile` (
  `id` int(10) NOT NULL,
  `full_name` varchar(255) NOT NULL,
  `email` varchar(255) NOT NULL,
  `mobile` varchar(255) NOT NULL,
  `address` varchar(255) NOT NULL,
  `password` varchar(255) NOT NULL,
  `status` int(10) NOT NULL DEFAULT '0',
  `created_at` timestamp(6) NOT NULL DEFAULT CURRENT_TIMESTAMP(6)
) ENGINE=MyISAM DEFAULT CHARSET=latin1;

--
-- Dumping data for table `admin_profile`
--

INSERT INTO `admin_profile` (`id`, `full_name`, `email`, `mobile`, `address`, `password`, `status`, `created_at`) VALUES
(10, 'Super Admin', 'superadmin@gmail.com', '1234567890', 'Noida', '0192023a7bbd73250516f069df18b500', 1, '2020-06-17 18:38:43.432266'),
(11, 'Test admin', 'testadmin@gmail.com', '1234567890', 'New Delhi', '0192023a7bbd73250516f069df18b500', 1, '2020-06-17 18:39:14.874271'),
(12, 'temp admin', 'tempadmin@gmail.com', '12', 'Noida', '0192023a7bbd73250516f069df18b500', 1, '2020-06-17 18:39:52.830541');

-- --------------------------------------------------------

--
-- Table structure for table `categories`
--

CREATE TABLE `categories` (
  `id` int(10) NOT NULL,
  `parent_id` int(10) DEFAULT '0',
  `category_name` varchar(255) NOT NULL,
  `menu_link` varchar(255) NOT NULL,
  `header_menu` int(10) NOT NULL,
  `footer_menu` int(10) NOT NULL,
  `description` text NOT NULL
) ENGINE=MyISAM DEFAULT CHARSET=latin1;

--
-- Dumping data for table `categories`
--

INSERT INTO `categories` (`id`, `parent_id`, `category_name`, `menu_link`, `header_menu`, `footer_menu`, `description`) VALUES
(63, 64, 'second', '', 1, 0, ' off\r\n   \r\nda'),
(64, 63, 'first-chid', '', 1, 0, ' \r\n  '),
(65, 0, 'first', 'first', 1, 0, ''),
(66, 0, 'first child 1', '', 1, 0, ' \r\n   \r\n   \r\n  '),
(67, 65, 'first cat', 'first-cat', 1, 1, ' \r\n  '),
(68, 0, 'k', 'mm', 1, 0, ' \r\n  ');

-- --------------------------------------------------------

--
-- Table structure for table `color_setting`
--

-- --------------------------------------------------------

--
-- 

-- --------------------------------------------------------

--
-- Table structure for table `contact_details`
--

CREATE TABLE `contact_details` (
  `id` int(10) NOT NULL,
  `email` varchar(255) NOT NULL,
  `mobile` varchar(255) NOT NULL,
  `address` varchar(255) NOT NULL,
  `google_map` text NOT NULL,
  `facebook` varchar(255) NOT NULL,
  `google_plus` varchar(255) NOT NULL,
  `twitter` varchar(255) NOT NULL,
  `linkedin` varchar(255) NOT NULL,
  `youtube` varchar(255) NOT NULL,
  `instagram` varchar(255) NOT NULL
) ENGINE=MyISAM DEFAULT CHARSET=latin1;

--
-- Dumping data for table `contact_details`
--

INSERT INTO `contact_details` (`id`, `email`, `mobile`, `address`, `google_map`, `facebook`, `google_plus`, `twitter`, `linkedin`, `youtube`, `instagram`) VALUES
(1, 'youremailaddress@gmail.com', '1234567890', 'Noida, Uttar Pradesh, India', 'Enter You Google Map Code', '', '', '', '', '', '');

-- --------------------------------------------------------

--
-- Table structure for table `contact_email`
--

CREATE TABLE `contact_email` (
  `id` int(10) NOT NULL,
  `email` varchar(255) NOT NULL
) ENGINE=MyISAM DEFAULT CHARSET=latin1;

--
-- Dumping data for table `contact_email`
--

INSERT INTO `contact_email` (`id`, `email`) VALUES
(8, 'email'),
(9, 'xxxxxxx');

-- --------------------------------------------------------

--
-- Table structure for table `contact_form_email`
--

CREATE TABLE `contact_form_email` (
  `id` int(10) NOT NULL,
  `email` varchar(255) NOT NULL
) ENGINE=MyISAM DEFAULT CHARSET=latin1;

--
-- Dumping data for table `contact_form_email`
--

INSERT INTO `contact_form_email` (`id`, `email`) VALUES
(1, 'youremail@gmail.com');

-- --------------------------------------------------------

--
-- Table structure for table `home_content`
--

CREATE TABLE `home_content` (
  `id` int(10) NOT NULL,
  `content_section` varchar(255) NOT NULL,
  `first_title` varchar(255) NOT NULL,
  `second_title` varchar(255) NOT NULL,
  `description` varchar(2000) NOT NULL
) ENGINE=MyISAM DEFAULT CHARSET=latin1;

--
-- Dumping data for table `home_content`
--

INSERT INTO `home_content` (`id`, `content_section`, `first_title`, `second_title`, `description`) VALUES
(2, 'About Downloader', 'sscczxc', 'adsaczxczxc', 'dsnadasnckc aksdjasdklj asdljdls asldjsdl '),
(3, 'How to Download', 'dsds', 'dsds', '					\r\ndsds');

-- --------------------------------------------------------

--
-- Table structure for table `theme_setting`
--



--
-- Table structure for table `website_setting`
--


-- Indexes for dumped tables
--

--
-- Indexes for table `agent`
--
ALTER TABLE `agent`
  ADD PRIMARY KEY (`agent_id`);

--
-- Indexes for table `properties`
--
ALTER TABLE `properties`
  ADD PRIMARY KEY (`property_id`);

--
-- AUTO_INCREMENT for dumped tables
--

--
-- AUTO_INCREMENT for table `agent`
--
ALTER TABLE `agent`
  MODIFY `agent_id` int(10) NOT NULL AUTO_INCREMENT, AUTO_INCREMENT=4;
--
-- AUTO_INCREMENT for table `properties`
--
ALTER TABLE `properties`
  MODIFY `property_id` int(10) NOT NULL AUTO_INCREMENT, AUTO_INCREMENT=8;

-- Indexes for dumped tables
--

--
-- Indexes for table `admin_profile`
--
ALTER TABLE `admin_profile`
  ADD PRIMARY KEY (`id`);

--
-- Indexes for table `categories`
--
ALTER TABLE `categories`
  ADD PRIMARY KEY (`id`);

--
-- Indexes for table `color_setting`
--
ALTER TABLE `color_setting`
  ADD PRIMARY KEY (`id`);

--
-- Indexes for table `contacts`
--
ALTER TABLE `contacts`
  ADD PRIMARY KEY (`id`);

--
-- Indexes for table `contact_details`
--
ALTER TABLE `contact_details`
  ADD PRIMARY KEY (`id`);

--
-- Indexes for table `contact_email`
--
ALTER TABLE `contact_email`
  ADD PRIMARY KEY (`id`);

--
-- Indexes for table `contact_form_email`
--
ALTER TABLE `contact_form_email`
  ADD PRIMARY KEY (`id`);

--
-- Indexes for table `home_content`
--
ALTER TABLE `home_content`
  ADD PRIMARY KEY (`id`);

--
-- Indexes for table `theme_setting`
--
ALTER TABLE `theme_setting`
  ADD PRIMARY KEY (`id`);

--
-- Indexes for table `website_setting`
--
ALTER TABLE `website_setting`
  ADD PRIMARY KEY (`id`);

--
-- AUTO_INCREMENT for dumped tables
--

--
-- AUTO_INCREMENT for table `admin_profile`
--
ALTER TABLE `admin_profile`
  MODIFY `id` int(10) NOT NULL AUTO_INCREMENT, AUTO_INCREMENT=13;

--
-- AUTO_INCREMENT for table `categories`
--
ALTER TABLE `categories`
  MODIFY `id` int(10) NOT NULL AUTO_INCREMENT, AUTO_INCREMENT=69;

--
-- AUTO_INCREMENT for table `color_setting`
--
ALTER TABLE `color_setting`
  MODIFY `id` int(10) NOT NULL AUTO_INCREMENT, AUTO_INCREMENT=2;

--
-- AUTO_INCREMENT for table `contacts`
--
ALTER TABLE `contacts`
  MODIFY `id` int(10) NOT NULL AUTO_INCREMENT;

--
-- AUTO_INCREMENT for table `contact_details`
--
ALTER TABLE `contact_details`
  MODIFY `id` int(10) NOT NULL AUTO_INCREMENT, AUTO_INCREMENT=2;

--
-- AUTO_INCREMENT for table `contact_email`
--
ALTER TABLE `contact_email`
  MODIFY `id` int(10) NOT NULL AUTO_INCREMENT, AUTO_INCREMENT=10;

--
-- AUTO_INCREMENT for table `contact_form_email`
--
ALTER TABLE `contact_form_email`
  MODIFY `id` int(10) NOT NULL AUTO_INCREMENT, AUTO_INCREMENT=2;

--
-- AUTO_INCREMENT for table `home_content`
--
ALTER TABLE `home_content`
  MODIFY `id` int(10) NOT NULL AUTO_INCREMENT, AUTO_INCREMENT=4;

--
-- AUTO_INCREMENT for table `theme_setting`
--
ALTER TABLE `theme_setting`
  MODIFY `id` int(10) NOT NULL AUTO_INCREMENT, AUTO_INCREMENT=2;

--
-- AUTO_INCREMENT for table `website_setting`
--
ALTER TABLE `website_setting`
  MODIFY `id` int(10) NOT NULL AUTO_INCREMENT, AUTO_INCREMENT=2;
COMMIT;

/*!40101 SET CHARACTER_SET_CLIENT=@OLD_CHARACTER_SET_CLIENT */;
/*!40101 SET CHARACTER_SET_RESULTS=@OLD_CHARACTER_SET_RESULTS */;
/*!40101 SET COLLATION_CONNECTION=@OLD_COLLATION_CONNECTION */;
